index,a,b,c,d
0,0,1,-0.07456652762,1.039341379
1,0.06379051953,0.9990267284,0.122423516,1.098801076
2,0.1273332336,0.9941147013,0.1391795401,0.9790017212
3,0.1903813146,0.9852872507,0.2364198969,0.8756242061
4,0.2526898872,0.9725831611,0.3508306833,0.9489513789
5,0.3140169944,0.9560565163,0.3985702648,1.018873161
6,0.3741245527,0.9357764859,0.4404979239,0.8948342146
7,0.4327792916,0.9118270525,0.4145093978,0.9751999311
8,0.4897536741,0.88430668,0.4701196006,1.004694956
9,0.544826795,0.8533279255,0.5498124736,0.8812543224
10,0.5977852523,0.8190169944,0.5995677493,0.8663795143
11,0.6484239897,0.7815132428,0.6981314574,0.7795264414
12,0.6965471059,0.7409686274,0.5844550022,0.6358416064
13,0.7419686274,0.6975471059,0.8396425428,0.776346145
14,0.7845132428,0.6514239897,0.6995419793,0.6179608001
15,0.8240169944,0.6027852523,0.9096413362,0.5442326145
16,0.8603279255,0.551826795,0.828630375,0.4789258638
17,0.89330668,0.4987536741,0.9122914074,0.5713489626
18,0.9228270525,0.4437792916,0.8870864853,0.5562055278
19,0.9487764859,0.3871245527,0.9313396781,0.48125457
20,0.9710565163,0.3290169944,1.035785445,0.4488999911
21,0.9895831611,0.2696898872,1.089748171,0.1911982302
22,1.004287251,0.2093813146,1.007690354,0.1301549805
23,1.015114701,0.1483332336,1.119876503,0.1148754221
24,1.022026728,0.08679051953,0.9286567669,-0.008828361861
25,1.025,0.025,1.108335577,-0.06031787327
26,1.024026728,-0.03679051953,1.138836514,-0.02296309221
27,1.019114701,-0.09833323356,1.027702873,-0.148884405
28,1.010287251,-0.1593813146,1.127482113,-0.1984611778
29,0.9975831611,-0.2196898872,1.045758256,-0.1290391767
30,0.9810565163,-0.2790169944,1.062541518,-0.2932418398
31,0.9607764859,-0.3371245527,0.8911121191,-0.232597626
32,0.9368270525,-0.3937792916,0.9834815734,-0.41648645
33,0.90930668,-0.4487536741,0.7884317298,-0.4938609672
34,0.8783279255,-0.501826795,0.9758672732,-0.5823170593
35,0.8440169944,-0.5527852523,0.9628351384,-0.5978419055
36,0.8065132428,-0.6014239897,0.8047141743,-0.5784364758
37,0.7659686274,-0.6475471059,0.8393542268,-0.736966405
38,0.7225471059,-0.6909686274,0.6591656097,-0.6226704771
39,0.6764239897,-0.7315132428,0.612140608,-0.7392842058
40,0.6277852523,-0.7690169944,0.6380485368,-0.665601979
41,0.576826795,-0.8033279255,0.5688012999,-0.9201731643
42,0.5237536741,-0.83430668,0.4070371096,-0.7557555994
43,0.4687792916,-0.8618270525,0.4369394433,-0.8952005106
44,0.4121245527,-0.8857764859,0.4069873763,-0.9654206795
45,0.3540169944,-0.9060565163,0.4137025477,-0.8850962064
46,0.2946898872,-0.9225831611,0.2762680064,-0.9985026503
47,0.2343813146,-0.9352872507,0.180503124,-0.8923071141
48,0.1733332336,-0.9441147013,0.1301488916,-0.8905449207
49,0.1117905195,-0.9490267284,0.03670043441,-0.9041623049
50,0.05,-0.95,0.1183522867,-0.8320154536
51,-0.01179051953,-0.9470267284,0.02007637868,-0.8638336223
52,-0.07333323356,-0.9401147013,-0.09066878335,-0.996319606
53,-0.1343813146,-0.9292872507,-0.1874079581,-0.8797861593
54,-0.1946898872,-0.9145831611,-0.3083907416,-0.8989699783
55,-0.2540169944,-0.8960565163,-0.2041048296,-0.9867623353
56,-0.3121245527,-0.8737764859,-0.3707307955,-0.924568682
57,-0.3687792916,-0.8478270525,-0.2818851372,-0.7702323586
58,-0.4237536741,-0.81830668,-0.3606304218,-0.6973611438
59,-0.476826795,-0.7853279255,-0.5230890085,-0.8770926069
60,-0.5277852523,-0.7490169944,-0.6465651544,-0.6331946149
61,-0.5764239897,-0.7095132428,-0.4891430456,-0.6128410164
62,-0.6225471059,-0.6669686274,-0.7237759398,-0.6578198601
63,-0.6659686274,-0.6215471059,-0.636129073,-0.6108616649
64,-0.7065132428,-0.5734239897,-0.7684665993,-0.6761401919
65,-0.7440169944,-0.5227852523,-0.7555501187,-0.4183864161
66,-0.7783279255,-0.469826795,-0.8060903106,-0.4397362249
67,-0.80930668,-0.4147536741,-0.7886897365,-0.5034636075
68,-0.8368270525,-0.3577792916,-0.8952932827,-0.4767440888
69,-0.8607764859,-0.2991245527,-0.8198608392,-0.3243672125
70,-0.8810565163,-0.2390169944,-0.8179539069,-0.1278751388
71,-0.8975831611,-0.1776898872,-0.8925197416,-0.2805558562
72,-0.9102872507,-0.1153813146,-0.8461266993,-0.2394405412
73,-0.9191147013,-0.05233323356,-0.980677504,0.03000811501
74,-0.9240267284,0.01120948047,-0.8933669313,-0.006057547844
75,-0.925,0.075,-0.914741427,0.1394748757
76,-0.9220267284,0.1387905195,-0.8648882018,0.129892141
77,-0.9151147013,0.2023332336,-0.9022996351,0.1584761467
78,-0.9042872507,0.2653813146,-0.7990231214,0.2721977217
79,-0.8895831611,0.3276898872,-0.9523257977,0.3588967492
80,-0.8710565163,0.3890169944,-0.7664684673,0.4758403222
81,-0.8487764859,0.4491245527,-0.75070191,0.4165140035
82,-0.8228270525,0.5077792916,-0.8004701748,0.5044200934
83,-0.79330668,0.5647536741,-0.8211767708,0.558724393
84,-0.7603279255,0.619826795,-0.6563292736,0.5763036495
85,-0.7240169944,0.6727852523,-0.782206717,0.7710062822
86,-0.6845132428,0.7234239897,-0.6149946079,0.6994795531
87,-0.6419686274,0.7715471059,-0.6753425641,0.6558889132
88,-0.5965471059,0.8169686274,-0.5998781952,0.869308888
89,-0.5484239897,0.8595132428,-0.4866808134,0.7788111123
90,-0.4977852523,0.8990169944,-0.5769291666,0.8869593361
91,-0.444826795,0.9353279255,-0.3816046661,0.883437387
92,-0.3897536741,0.96830668,-0.5131962378,0.9677236449
93,-0.3327792916,0.9978270525,-0.2647866284,1.022616422
94,-0.2741245527,1.023776486,-0.1730787917,1.098085594
95,-0.2140169944,1.046056516,-0.1078642339,1.101359359
96,-0.1526898872,1.064583161,-0.1529143495,1.113280005
97,-0.09038131459,1.079287251,-0.1449563142,1.161906928
98,-0.02733323356,1.090114701,0.02610498922,1.005199108
99,0.03620948047,1.097026728,0.1596489611,1.04335043
100,0.1,1.1,0.09981343745,1.105359808
101,0.1637905195,1.099026728,0.2796702373,1.205357892
102,0.2273332336,1.094114701,0.3101018627,1.172828695
103,0.2903813146,1.085287251,0.1752789399,1.016601322
104,0.3526898872,1.072583161,0.4382055843,1.100600233
105,0.4140169944,1.056056516,0.4410941656,1.098532612
106,0.4741245527,1.035776486,0.3773492474,0.9410653353
107,0.5327792916,1.011827052,0.520416316,1.047543959
108,0.5897536741,0.98430668,0.5995615994,1.016550322
109,0.644826795,0.9533279255,0.6884018656,0.9973859049
110,0.6977852523,0.9190169944,0.594675932,0.8811401363
111,0.7484239897,0.8815132428,0.8420913573,0.8563936306
112,0.7965471059,0.8409686274,0.6937725797,0.8363447976
113,0.8419686274,0.7975471059,0.8872371953,0.9137650912
114,0.8845132428,0.7514239897,0.8604293449,0.7838765432
115,0.9240169944,0.7027852523,1.01789417,0.5972967905
116,0.9603279255,0.651826795,1.067734414,0.6516604125
117,0.99330668,0.5987536741,1.113924818,0.5238518209
118,1.022827052,0.5437792916,0.9169774689,0.5140172248
119,1.048776486,0.4871245527,1.147652877,0.5189270983
120,1.071056516,0.4290169944,1.01094165,0.5480807088
121,1.089583161,0.3696898872,1.164624435,0.3243017589
122,1.104287251,0.3093813146,1.074727333,0.2873174972
123,1.115114701,0.2483332336,1.125090179,0.3324663029
124,1.122026728,0.1867905195,1.024784165,0.1804171223
125,1.125,0.125,1.034718628,0.003713611576
126,1.124026728,0.06320948047,1.090328559,0.00274908768
127,1.119114701,0.001666766436,1.122034437,0.120061339
128,1.110287251,-0.05938131459,1.084378086,-0.1444836841
129,1.097583161,-0.1196898872,1.060025162,-0.1310065226
130,1.081056516,-0.1790169944,1.136322802,-0.0608298926
131,1.060776486,-0.2371245527,1.123682352,-0.1729368608
132,1.036827052,-0.2937792916,1.067137,-0.3633748354
133,1.00930668,-0.3487536741,1.049377929,-0.322825618
134,0.9783279255,-0.401826795,0.9081562949,-0.3456118716
135,0.9440169944,-0.4527852523,0.9358952158,-0.4943740296
136,0.9065132428,-0.5014239897,0.8067281265,-0.5935145608
137,0.8659686274,-0.5475471059,0.9776375339,-0.4766964546
138,0.8225471059,-0.5909686274,0.9371933925,-0.6953269975
139,0.7764239897,-0.6315132428,0.8445597325,-0.734421752
140,0.7277852523,-0.6690169944,0.8045599394,-0.774010717
141,0.676826795,-0.7033279255,0.6492727519,-0.7258788531
142,0.6237536741,-0.73430668,0.6151519092,-0.6655352354
143,0.5687792916,-0.7618270525,0.5926553106,-0.6591337354
144,0.5121245527,-0.7857764859,0.4935119998,-0.7985555118
145,0.4540169944,-0.8060565163,0.435296058,-0.834575448
146,0.3946898872,-0.8225831611,0.286226097,-0.9307310582
147,0.3343813146,-0.8352872507,0.3028424826,-0.9536783191
148,0.2733332336,-0.8441147013,0.3502430209,-0.8237249385
149,0.2117905195,-0.8490267284,0.2305394961,-0.9017594962
150,0.15,-0.85,0.02806881087,-0.8204623375
151,0.08820948047,-0.8470267284,0.162120544,-0.8199879005
152,0.02666676644,-0.8401147013,0.0930992187,-0.8576816458
153,-0.03438131459,-0.8292872507,-0.07597939774,-0.874783863
154,-0.09468988716,-0.8145831611,-0.07822995519,-0.730299225
155,-0.1540169944,-0.7960565163,-0.1496045226,-0.8789980593
156,-0.2121245527,-0.7737764859,-0.3176096724,-0.6782243711
157,-0.2687792916,-0.7478270525,-0.3275292717,-0.6360122169
158,-0.3237536741,-0.71830668,-0.2960056134,-0.7655633596
159,-0.376826795,-0.6853279255,-0.4133483365,-0.7690204617
160,-0.4277852523,-0.6490169944,-0.3913947127,-0.5966708341
161,-0.4764239897,-0.6095132428,-0.384019942,-0.6413045295
162,-0.5225471059,-0.5669686274,-0.5484764792,-0.4862405645
163,-0.5659686274,-0.5215471059,-0.4651679959,-0.5591040892
164,-0.6065132428,-0.4734239897,-0.4879970688,-0.5750432731
165,-0.6440169944,-0.4227852523,-0.6248460878,-0.5157180734
166,-0.6783279255,-0.369826795,-0.6304072059,-0.2804515081
167,-0.70930668,-0.3147536741,-0.5934992889,-0.4094871013
168,-0.7368270525,-0.2577792916,-0.7260651789,-0.2184456046
169,-0.7607764859,-0.1991245527,-0.778825975,-0.1492517382
170,-0.7810565163,-0.1390169944,-0.6593880189,-0.201242958
171,-0.7975831611,-0.07768988716,-0.8311084373,-0.06042656695
172,-0.8102872507,-0.01538131459,-0.8937620409,0.04762264786
173,-0.8191147013,0.04766676644,-0.7862837165,0.06613588721
174,-0.8240267284,0.1112094805,-0.8608797197,0.19271371
175,-0.825,0.175,-0.9349683358,0.284186232
176,-0.8220267284,0.2387905195,-0.9099251381,0.2439784478
177,-0.8151147013,0.3023332336,-0.8932065714,0.4076658872
178,-0.8042872507,0.3653813146,-0.867854727,0.3476704139
179,-0.7895831611,0.4276898872,-0.8227224524,0.5409615659
180,-0.7710565163,0.4890169944,-0.6703023233,0.5927295026
181,-0.7487764859,0.5491245527,-0.820731894,0.4301943502
182,-0.7228270525,0.6077792916,-0.63848525,0.6790567186
183,-0.69330668,0.6647536741,-0.7331923218,0.7544449003
184,-0.6603279255,0.719826795,-0.6102271892,0.6965859552
185,-0.6240169944,0.7727852523,-0.6449810016,0.8099352093
186,-0.5845132428,0.8234239897,-0.6038892867,0.9407725642
187,-0.5419686274,0.8715471059,-0.6506166997,0.9904712482
188,-0.4965471059,0.9169686274,-0.5228763686,0.9469898809
189,-0.4484239897,0.9595132428,-0.4624580597,1.029261499
190,-0.3977852523,0.9990169944,-0.5024432609,0.9012900161
191,-0.344826795,1.035327926,-0.3279800689,0.999205824
192,-0.2897536741,1.06830668,-0.3409681684,1.060514831
193,-0.2327792916,1.097827052,-0.2548707882,1.105321725
194,-0.1741245527,1.123776486,-0.2876050963,1.030339319
195,-0.1140169944,1.146056516,-0.06389540738,1.116845433
196,-0.05268988716,1.164583161,0.03058489995,1.214525587
197,0.009618685414,1.179287251,-0.1043046783,1.201200141
198,0.07266676644,1.190114701,-0.01256340694,1.303525778
199,0.1362094805,1.197026728,0.01995131972,1.124230208
200,0.2,1.2,0.1529675156,1.30119234
201,0.2637905195,1.199026728,0.2048068221,1.133407733
202,0.3273332336,1.194114701,0.3026649214,1.237360909
203,0.3903813146,1.185287251,0.3378088764,1.19395591
204,0.4526898872,1.172583161,0.5330704184,1.093623146
205,0.5140169944,1.156056516,0.6265283356,1.25361389
206,0.5741245527,1.135776486,0.6278247112,1.12389314
207,0.6327792916,1.111827052,0.5829224182,1.134982931
208,0.6897536741,1.08430668,0.6523317644,1.119112762
209,0.744826795,1.053327926,0.8343171237,0.9357169478
210,0.7977852523,1.019016994,0.7346603448,1.142390123
211,0.8484239897,0.9815132428,0.9394037889,0.8852078875
212,0.8965471059,0.9409686274,0.8293332365,1.012304388
213,0.9419686274,0.8975471059,0.9083852337,0.9416031422
214,0.9845132428,0.8514239897,1.036652516,0.835354301
215,1.024016994,0.8027852523,0.9113852314,0.8579969104
216,1.060327926,0.751826795,1.016347106,0.8254220215
217,1.09330668,0.6987536741,1.166701074,0.7702581452
218,1.122827052,0.6437792916,1.182061805,0.5975460675
219,1.148776486,0.5871245527,1.208217171,0.5682750962
220,1.171056516,0.5290169944,1.234770644,0.4536545389
221,1.189583161,0.4696898872,1.199121589,0.4652712879
222,1.204287251,0.4093813146,1.094110456,0.339642605
223,1.215114701,0.3483332336,1.141323176,0.4474232763
224,1.222026728,0.2867905195,1.248190595,0.2412568487
225,1.225,0.225,1.138031511,0.2652097374
226,1.224026728,0.1632094805,1.284222845,0.1026751302
227,1.219114701,0.1016667664,1.231743339,0.1539503512
228,1.210287251,0.04061868541,1.254692459,-0.03202180027
229,1.197583161,-0.01968988716,1.274316919,-0.07016316417
230,1.181056516,-0.07901699437,1.060399839,-0.1345382567
231,1.160776486,-0.1371245527,1.197380614,-0.251313825
232,1.136827052,-0.1937792916,1.101966237,-0.2239684229
233,1.10930668,-0.2487536741,1.054516067,-0.1872949785
234,1.078327926,-0.301826795,0.9630213179,-0.3951135452
235,1.044016994,-0.3527852523,0.9355122721,-0.4209242492
236,1.006513243,-0.4014239897,1.03976156,-0.3150186848
237,0.9659686274,-0.4475471059,1.023569869,-0.4727307413
238,0.9225471059,-0.4909686274,0.8846541026,-0.4119324103
239,0.8764239897,-0.5315132428,0.7892400325,-0.6429498538
240,0.8277852523,-0.5690169944,0.8243094007,-0.5943523037
241,0.776826795,-0.6033279255,0.6577370628,-0.630659648
242,0.7237536741,-0.63430668,0.6187881163,-0.6037904361
243,0.6687792916,-0.6618270525,0.7862257309,-0.7810975279
244,0.6121245527,-0.6857764859,0.5784543139,-0.795592549
245,0.5540169944,-0.7060565163,0.5139435514,-0.7365697111
246,0.4946898872,-0.7225831611,0.5348310407,-0.6977582902
247,0.4343813146,-0.7352872507,0.4142950038,-0.726390657
248,0.3733332336,-0.7441147013,0.439428941,-0.6638916102
249,0.3117905195,-0.7490267284,0.2051010955,-0.8556671141
250,0.25,-0.75,0.1931599469,-0.6517835168
251,0.1882094805,-0.7470267284,0.1012868862,-0.7218910508
252,0.1266667664,-0.7401147013,0.1934510123,-0.692785612
253,0.06561868541,-0.7292872507,0.1457563108,-0.631866212
254,0.005310112835,-0.7145831611,-0.005443350356,-0.7061326011
255,-0.05401699437,-0.6960565163,-0.1041168774,-0.6258224874
256,-0.1121245527,-0.6737764859,-0.197369048,-0.5492447032
257,-0.1687792916,-0.6478270525,-0.2011837483,-0.5312455828
258,-0.2237536741,-0.61830668,-0.3470589359,-0.7152846176
259,-0.276826795,-0.5853279255,-0.3479341909,-0.4682630609
260,-0.3277852523,-0.5490169944,-0.274954692,-0.5088251442
261,-0.3764239897,-0.5095132428,-0.4579589462,-0.4128939314
262,-0.4225471059,-0.4669686274,-0.3610365883,-0.3833384111
263,-0.4659686274,-0.4215471059,-0.4476746328,-0.5323213428
264,-0.5065132428,-0.3734239897,-0.5367430028,-0.2997499392
265,-0.5440169944,-0.3227852523,-0.4875027692,-0.3000363719
266,-0.5783279255,-0.269826795,-0.4852789273,-0.1458839718
267,-0.60930668,-0.2147536741,-0.6862265314,-0.15239684
268,-0.6368270525,-0.1577792916,-0.6499522472,-0.1051019024
269,-0.6607764859,-0.09912455268,-0.6217735072,-0.1352356992
270,-0.6810565163,-0.03901699437,-0.7333703212,0.04038582403
271,-0.6975831611,0.02231011284,-0.5930939765,0.03025257955
272,-0.7102872507,0.08461868541,-0.8073288022,0.1538931839
273,-0.7191147013,0.1476667664,-0.8209945156,0.07469653951
274,-0.7240267284,0.2112094805,-0.6556994753,0.3222850772
275,-0.725,0.275,-0.6710885239,0.2308555035
276,-0.7220267284,0.3387905195,-0.7014628028,0.2332863189
277,-0.7151147013,0.4023332336,-0.8277487336,0.4856687575
278,-0.7042872507,0.4653813146,-0.6218415757,0.4957315414
279,-0.6895831611,0.5276898872,-0.5878711147,0.5101101498
280,-0.6710565163,0.5890169944,-0.6541000509,0.4896565677
281,-0.6487764859,0.6491245527,-0.7341333217,0.7330368544
282,-0.6228270525,0.7077792916,-0.5225241738,0.7654637715
283,-0.59330668,0.7647536741,-0.6864702596,0.6901045674
284,-0.5603279255,0.819826795,-0.4571555713,0.9262242263
285,-0.5240169944,0.8727852523,-0.6328802105,0.801325404
286,-0.4845132428,0.9234239897,-0.396497954,0.8999472087
287,-0.4419686274,0.9715471059,-0.5270717522,0.9071112935
288,-0.3965471059,1.016968627,-0.4633506046,1.009323898
289,-0.3484239897,1.059513243,-0.4244869926,0.9445991188
290,-0.2977852523,1.099016994,-0.2305692732,1.202038452
291,-0.244826795,1.135327926,-0.3039827503,1.033898906
292,-0.1897536741,1.16830668,-0.1565490426,1.161769715
293,-0.1327792916,1.197827052,-0.151978506,1.228629428
294,-0.07412455268,1.223776486,-0.00992394964,1.30704454
295,-0.01401699437,1.246056516,-0.1367173039,1.140974416
296,0.04731011284,1.264583161,0.1650395838,1.325245481
297,0.1096186854,1.279287251,0.0670679143,1.378555782
298,0.1726667664,1.290114701,0.239319229,1.262447437
299,0.2362094805,1.297026728,0.3373690081,1.267008007
300,0.3,1.3,0.3455967494,1.196019042
301,0.3637905195,1.299026728,0.3451525451,1.267361502
302,0.4273332336,1.294114701,0.4226422085,1.387763558
303,0.4903813146,1.285287251,0.4395521049,1.283594845
304,0.5526898872,1.272583161,0.6462154578,1.177012284
305,0.6140169944,1.256056516,0.6551745352,1.321170078
306,0.6741245527,1.235776486,0.7853866358,1.308772479
307,0.7327792916,1.211827052,0.6406267031,1.318477045
308,0.7897536741,1.18430668,0.7291527613,1.254554945
309,0.844826795,1.153327926,0.7321632237,1.097118106
310,0.8977852523,1.119016994,1.004762803,1.057678112
311,0.9484239897,1.081513243,0.8627302885,1.044381087
312,0.9965471059,1.040968627,0.9969323673,1.150011407
313,1.041968627,0.9975471059,1.150387127,1.058375261
314,1.084513243,0.9514239897,1.205086536,0.979657962
315,1.124016994,0.9027852523,1.016408563,0.8977217897
316,1.160327926,0.851826795,1.223651622,0.964893144
317,1.19330668,0.7987536741,1.289624037,0.8787585601
318,1.222827052,0.7437792916,1.291241475,0.6367109748
319,1.248776486,0.6871245527,1.351575573,0.7125817698
320,1.271056516,0.6290169944,1.247150101,0.6330555645
321,1.289583161,0.5696898872,1.315756953,0.4563268079
322,1.304287251,0.5093813146,1.31494996,0.4517310052
323,1.315114701,0.4483332336,1.381936815,0.3405944317
324,1.322026728,0.3867905195,1.361065551,0.3151247826
325,1.325,0.325,1.31380889,0.2013406469
326,1.324026728,0.2632094805,1.322087591,0.2393099532
327,1.319114701,0.2016667664,1.299923998,0.3266382583
328,1.310287251,0.1406186854,1.205237815,0.168406745
329,1.297583161,0.08031011284,1.326042499,0.08903314233
330,1.281056516,0.02098300563,1.276993521,0.02491150409
331,1.260776486,-0.03712455268,1.183236157,-0.1264107231
332,1.236827052,-0.09377929157,1.151420443,-0.04980205464
333,1.20930668,-0.1487536741,1.263828785,-0.06824546357
334,1.178327926,-0.201826795,1.221510261,-0.08924750538
335,1.144016994,-0.2527852523,1.15469189,-0.3432230016
336,1.106513243,-0.3014239897,1.168823741,-0.3363576622
337,1.065968627,-0.3475471059,0.9796312113,-0.42176724
338,1.022547106,-0.3909686274,1.052332149,-0.2950161759
339,0.9764239897,-0.4315132428,0.9942712279,-0.4597539249
340,0.9277852523,-0.4690169944,0.9306395714,-0.5669367369
341,0.876826795,-0.5033279255,0.9546564623,-0.4600726766
342,0.8237536741,-0.53430668,0.9401498498,-0.4094236744
343,0.7687792916,-0.5618270525,0.7659617481,-0.5975583748
344,0.7121245527,-0.5857764859,0.7383875587,-0.4999580164
345,0.6540169944,-0.6060565163,0.5784902496,-0.6242505679
346,0.5946898872,-0.6225831611,0.7180479507,-0.728310982
347,0.5343813146,-0.6352872507,0.5623213105,-0.6514895721
348,0.4733332336,-0.6441147013,0.4456727157,-0.5875840063
349,0.4117905195,-0.6490267284,0.3693646184,-0.7132252343
350,0.35,-0.65,0.2846437555,-0.7017715192
351,0.2882094805,-0.6470267284,0.2365280401,-0.6799563217
352,0.2266667664,-0.6401147013,0.2067553491,-0.6141689077
353,0.1656186854,-0.6292872507,0.2075915855,-0.7180112979
354,0.1053101128,-0.6145831611,0.1995458326,-0.6162015452
355,0.04598300563,-0.5960565163,-0.01489363398,-0.4892199456
356,-0.01212455268,-0.5737764859,0.05820455084,-0.5484983431
357,-0.06877929157,-0.5478270525,-0.01985434282,-0.5254232064
358,-0.1237536741,-0.51830668,-0.05513880866,-0.5017102461
359,-0.176826795,-0.4853279255,-0.1355047287,-0.4414587587
360,-0.2277852523,-0.4490169944,-0.1861637209,-0.3855850408
361,-0.2764239897,-0.4095132428,-0.2886154085,-0.4441926062
362,-0.3225471059,-0.3669686274,-0.2133112838,-0.416027715
363,-0.3659686274,-0.3215471059,-0.4788390387,-0.290513047
364,-0.4065132428,-0.2734239897,-0.4858748604,-0.1666420708
365,-0.4440169944,-0.2227852523,-0.4665367275,-0.2298509221
366,-0.4783279255,-0.169826795,-0.4551957058,-0.08687508033
367,-0.50930668,-0.1147536741,-0.4119490259,-0.2093465878
368,-0.5368270525,-0.05777929157,-0.5286740227,-0.05214989864
369,-0.5607764859,0.0008754473153,-0.5198805597,0.03092396819
370,-0.5810565163,0.06098300563,-0.632930987,0.1259758287
371,-0.5975831611,0.1223101128,-0.6501598858,0.1306795305
372,-0.6102872507,0.1846186854,-0.7093530304,0.2173351991
373,-0.6191147013,0.2476667664,-0.6808070492,0.1705204305
374,-0.6240267284,0.3112094805,-0.6925228868,0.3600266147
375,-0.625,0.375,-0.5943691511,0.2866294741
376,-0.6220267284,0.4387905195,-0.6240195423,0.4048168527
377,-0.6151147013,0.5023332336,-0.5275177369,0.4629752785
378,-0.6042872507,0.5653813146,-0.6267953698,0.6056991998
379,-0.5895831611,0.6276898872,-0.5894571482,0.5668896892
380,-0.5710565163,0.6890169944,-0.6540776967,0.5805222366
381,-0.5487764859,0.7491245527,-0.4936563631,0.7395878401
382,-0.5228270525,0.8077792916,-0.5134758807,0.748675599
383,-0.49330668,0.8647536741,-0.4430418011,0.8862535112
384,-0.4603279255,0.919826795,-0.5079050443,1.041141504
385,-0.4240169944,0.9727852523,-0.5371990251,0.8901464047
386,-0.3845132428,1.02342399,-0.4979838149,0.936297687
387,-0.3419686274,1.071547106,-0.2379180598,0.9495077168
388,-0.2965471059,1.116968627,-0.3428641524,1.186721133
389,-0.2484239897,1.159513243,-0.3111416945,1.053331842
390,-0.1977852523,1.199016994,-0.2218645862,1.183957729
391,-0.144826795,1.235327926,-0.1890670568,1.134102935
392,-0.0897536741,1.26830668,-0.05587948211,1.37038599
393,-0.03277929157,1.297827052,0.06119337581,1.349914005
394,0.02587544732,1.323776486,0.07487822573,1.267540138
395,0.08598300563,1.346056516,-0.03710215568,1.230823814
396,0.1473101128,1.364583161,0.2426618809,1.385728041
397,0.2096186854,1.379287251,0.09446065899,1.351473589
398,0.2726667664,1.390114701,0.2360535198,1.429671167
399,0.3362094805,1.397026728,0.2655631539,1.403774886
400,0.4,1.4,0.4194622544,1.382928425
401,0.4637905195,1.399026728,0.3640466522,1.355565157
402,0.5273332336,1.394114701,0.4654751344,1.51079504
403,0.5903813146,1.385287251,0.5316872914,1.347463805
404,0.6526898872,1.372583161,0.672695783,1.357474589
405,0.7140169944,1.356056516,0.7182996258,1.455485288
406,0.7741245527,1.335776486,0.7712784871,1.300922098
407,0.8327792916,1.311827052,0.8738867459,1.399294556
408,0.8897536741,1.28430668,0.9902649947,1.184693044
409,0.944826795,1.253327926,0.9010014491,1.349122809
410,0.9977852523,1.219016994,1.081513219,1.194286036
411,1.04842399,1.181513243,1.106888892,1.060377766
412,1.096547106,1.140968627,1.131707775,1.229242112
413,1.141968627,1.097547106,1.202160628,1.076744715
414,1.184513243,1.05142399,1.127179082,1.117102121
415,1.224016994,1.002785252,1.219048739,0.9862238318
416,1.260327926,0.951826795,1.322329807,0.8411948931
417,1.29330668,0.8987536741,1.354083554,0.9120106792
418,1.322827052,0.8437792916,1.445954627,0.9381358784
419,1.348776486,0.7871245527,1.23323807,0.7816045589
420,1.371056516,0.7290169944,1.406002843,0.809391247
421,1.389583161,0.6696898872,1.340125287,0.7040103286
422,1.404287251,0.6093813146,1.281016283,0.6628703941
423,1.415114701,0.5483332336,1.372192577,0.6206510131
424,1.422026728,0.4867905195,1.300000341,0.5783469036
425,1.425,0.425,1.33553156,0.3306793493
426,1.424026728,0.3632094805,1.484559852,0.404700317
427,1.419114701,0.3016667664,1.51494609,0.3140971335
428,1.410287251,0.2406186854,1.481239187,0.2471772156
429,1.397583161,0.1803101128,1.40335932,0.07557255744
430,1.381056516,0.1209830056,1.284915954,0.1707796662
431,1.360776486,0.06287544732,1.479088821,-0.03951945027
432,1.336827052,0.006220708435,1.40835804,0.05772240043
433,1.30930668,-0.0487536741,1.323603972,-0.06934665931
434,1.278327926,-0.101826795,1.189495128,-0.1040906105
435,1.244016994,-0.1527852523,1.188259782,-0.2529272209
436,1.206513243,-0.2014239897,1.248189137,-0.2556511175
437,1.165968627,-0.2475471059,1.290365875,-0.1925008536
438,1.122547106,-0.2909686274,1.123206243,-0.3448321272
439,1.07642399,-0.3315132428,1.035519247,-0.4406694315
440,1.027785252,-0.3690169944,1.028369635,-0.490251827
441,0.976826795,-0.4033279255,0.9201561754,-0.3418785349
442,0.9237536741,-0.43430668,0.8934624401,-0.4151363539
443,0.8687792916,-0.4618270525,0.981046041,-0.4352617674
444,0.8121245527,-0.4857764859,0.8800903711,-0.4905400057
445,0.7540169944,-0.5060565163,0.8242718123,-0.4355437481
446,0.6946898872,-0.5225831611,0.7284212661,-0.5081758947
447,0.6343813146,-0.5352872507,0.6269646282,-0.6419523522
448,0.5733332336,-0.5441147013,0.6162926753,-0.4271896677
449,0.5117905195,-0.5490267284,0.4095598282,-0.5475029864
450,0.45,-0.55,0.4546989277,-0.5669723302
451,0.3882094805,-0.5470267284,0.4430276216,-0.6598814028
452,0.3266667664,-0.5401147013,0.2609973771,-0.5405215122
453,0.2656186854,-0.5292872507,0.3348422289,-0.5269815252
454,0.2053101128,-0.5145831611,0.1144517212,-0.5488600188
455,0.1459830056,-0.4960565163,0.2243602052,-0.4981824068
456,0.08787544732,-0.4737764859,0.05488300094,-0.5010097807
457,0.03122070843,-0.4478270525,-0.08521723153,-0.4841256126
458,-0.0237536741,-0.41830668,-0.03056949132,-0.3433720668
459,-0.07682679498,-0.3853279255,-0.003487384526,-0.3022506715
460,-0.1277852523,-0.3490169944,-0.08927770809,-0.264922214
461,-0.1764239897,-0.3095132428,-0.2709536686,-0.2110504461
462,-0.2225471059,-0.2669686274,-0.09861477246,-0.2962003119
463,-0.2659686274,-0.2215471059,-0.306334503,-0.1780277399
464,-0.3065132428,-0.1734239897,-0.2201629999,-0.05194705474
465,-0.3440169944,-0.1227852523,-0.2377703974,-0.1039955809
466,-0.3783279255,-0.06982679498,-0.3059730627,-0.0836446804
467,-0.40930668,-0.0147536741,-0.4770097391,0.03928917638
468,-0.4368270525,0.04222070843,-0.3326598835,0.1561067329
469,-0.4607764859,0.1008754473,-0.4307718996,0.1398715736
470,-0.4810565163,0.1609830056,-0.4283568875,0.1278318822
471,-0.4975831611,0.2223101128,-0.5081176295,0.1312065226
472,-0.5102872507,0.2846186854,-0.4003969702,0.4007809729
473,-0.5191147013,0.3476667664,-0.5185498746,0.3587482409
474,-0.5240267284,0.4112094805,-0.5765900689,0.4636902326
475,-0.525,0.475,-0.6349397127,0.5852230473
476,-0.5220267284,0.5387905195,-0.5478879235,0.5527521975
477,-0.5151147013,0.6023332336,-0.508407441,0.7236782362
478,-0.5042872507,0.6653813146,-0.389548145,0.5547187437
479,-0.4895831611,0.7276898872,-0.414642673,0.7897403509
480,-0.4710565163,0.7890169944,-0.5603341868,0.7815292545
481,-0.4487764859,0.8491245527,-0.5714421245,0.8347313429
482,-0.4228270525,0.9077792916,-0.3652340614,0.7859229725
483,-0.39330668,0.9647536741,-0.3145719884,0.8445853969
484,-0.3603279255,1.019826795,-0.246288366,0.966692621
485,-0.3240169944,1.072785252,-0.3904833415,1.151868851
486,-0.2845132428,1.12342399,-0.2547440767,1.151129667
487,-0.2419686274,1.171547106,-0.3124537344,1.058898805
488,-0.1965471059,1.216968627,-0.1964711792,1.188896043
489,-0.1484239897,1.259513243,-0.1668936086,1.284030765
490,-0.09778525229,1.299016994,0.01631080462,1.351159722
491,-0.04482679498,1.335327926,-0.06480965801,1.433972752
492,0.0102463259,1.36830668,0.02893583614,1.27601051
493,0.06722070843,1.397827052,0.1063063213,1.436593511
494,0.1258754473,1.423776486,0.0586147423,1.442616871
495,0.1859830056,1.446056516,0.2231899716,1.568518903
496,0.2473101128,1.464583161,0.3022337823,1.443515881
497,0.3096186854,1.479287251,0.3776406048,1.383026486
498,0.3726667664,1.490114701,0.310191152,1.615097687
499,0.4362094805,1.497026728,0.4928557959,1.477809208
500,0.5,1.5,0.526196022,1.608537199
501,0.5637905195,1.499026728,0.5310388011,1.431321385
502,0.6273332336,1.494114701,0.5580645256,1.546952635
503,0.6903813146,1.485287251,0.7347205286,1.53616075
504,0.7526898872,1.472583161,0.6630771944,1.4737797
505,0.8140169944,1.456056516,0.7279248708,1.499578958
506,0.8741245527,1.435776486,0.9573692124,1.513617686
507,0.9327792916,1.411827052,0.8442959966,1.384329068
508,0.9897536741,1.38430668,1.096843574,1.47103842
509,1.044826795,1.353327926,1.119913486,1.348013351
510,1.097785252,1.319016994,1.095246455,1.247989835
511,1.14842399,1.281513243,1.255591279,1.189531782
512,1.196547106,1.240968627,1.187121795,1.123944129
513,1.241968627,1.197547106,1.24086671,1.23657334
514,1.284513243,1.15142399,1.341448951,1.229337252
515,1.324016994,1.102785252,1.233044231,1.106044877
516,1.360327926,1.051826795,1.368724194,1.086156034
517,1.39330668,0.9987536741,1.275004298,1.038381621
518,1.422827052,0.9437792916,1.336216807,0.8558148676
519,1.448776486,0.8871245527,1.48499244,0.9085970784
520,1.471056516,0.8290169944,1.435036781,0.7843225823
521,1.489583161,0.7696898872,1.387267881,0.8892569264
522,1.504287251,0.7093813146,1.488699601,0.5857974269
523,1.515114701,0.6483332336,1.520849387,0.5591317722
524,1.522026728,0.5867905195,1.467049665,0.4948035306
525,1.525,0.525,1.643211893,0.5427083256
526,1.524026728,0.4632094805,1.545975865,0.3649443512
527,1.519114701,0.4016667664,1.409757251,0.4199105801
528,1.510287251,0.3406186854,1.482369264,0.3093784304
529,1.497583161,0.2803101128,1.488332554,0.2279755064
530,1.481056516,0.2209830056,1.393563584,0.2391723739
531,1.460776486,0.1628754473,1.560658727,0.192396946
532,1.436827052,0.1062207084,1.530176124,0.04795838399
533,1.40930668,0.0512463259,1.300949253,-0.02406732999
534,1.378327926,-0.001826794979,1.263221843,-0.01146677652
535,1.344016994,-0.05278525229,1.332465191,-0.05811861597
536,1.306513243,-0.1014239897,1.398780821,0.00566834572
537,1.265968627,-0.1475471059,1.178519818,-0.1660236255
538,1.222547106,-0.1909686274,1.202814225,-0.09662658351
539,1.17642399,-0.2315132428,1.198297478,-0.2376079197
540,1.127785252,-0.2690169944,1.082182286,-0.2724236091
541,1.076826795,-0.3033279255,1.114601043,-0.3636209525
542,1.023753674,-0.33430668,1.006037611,-0.2879083803
543,0.9687792916,-0.3618270525,1.079636449,-0.2549248534
544,0.9121245527,-0.3857764859,0.9208470397,-0.4631857153
545,0.8540169944,-0.4060565163,0.8225580769,-0.4689902589
546,0.7946898872,-0.4225831611,0.8069150381,-0.3406936071
547,0.7343813146,-0.4352872507,0.834643462,-0.3140718058
548,0.6733332336,-0.4441147013,0.6398033458,-0.4491398376
549,0.6117905195,-0.4490267284,0.6625792961,-0.4631973702
550,0.55,-0.45,0.4651069551,-0.4256970669
551,0.4882094805,-0.4470267284,0.4798939928,-0.3444706709
552,0.4266667664,-0.4401147013,0.3540799155,-0.3436601425
553,0.3656186854,-0.4292872507,0.4305665363,-0.4811082186
554,0.3053101128,-0.4145831611,0.2033109617,-0.5377567094
555,0.2459830056,-0.3960565163,0.2963108609,-0.3457783745
556,0.1878754473,-0.3737764859,0.2475145211,-0.3751508653
557,0.1312207084,-0.3478270525,0.1710435287,-0.3800709259
558,0.0762463259,-0.31830668,-0.04270479292,-0.3051998018
559,0.02317320502,-0.2853279255,0.01818585156,-0.4089082328
560,-0.02778525229,-0.2490169944,0.05601231287,-0.2589948153
561,-0.07642398975,-0.2095132428,-0.068643008,-0.1232390412
562,-0.1225471059,-0.1669686274,-0.1875554129,-0.2273885242
563,-0.1659686274,-0.1215471059,-0.1711602991,-0.2459787774
564,-0.2065132428,-0.07342398975,-0.2995530506,-0.02079646672
565,-0.2440169944,-0.02278525229,-0.2688646053,-0.01863940633
566,-0.2783279255,0.03017320502,-0.2719085134,0.1292509673
567,-0.30930668,0.0852463259,-0.3623100024,0.03109031032
568,-0.3368270525,0.1422207084,-0.332430542,0.1573867291
569,-0.3607764859,0.2008754473,-0.270780695,0.1636955437
570,-0.3810565163,0.2609830056,-0.2576460767,0.2952736872
571,-0.3975831611,0.3223101128,-0.4087249289,0.4006808635
572,-0.4102872507,0.3846186854,-0.4704794906,0.3645248753
573,-0.4191147013,0.4476667664,-0.3699148249,0.4820581487
574,-0.4240267284,0.5112094805,-0.4942858603,0.4413187278
575,-0.425,0.575,-0.52488072,0.6287525231
576,-0.4220267284,0.6387905195,-0.4261687705,0.5534662399
577,-0.4151147013,0.7023332336,-0.4668486104,0.6532978556
578,-0.4042872507,0.7653813146,-0.4388600075,0.8712440597
579,-0.3895831611,0.8276898872,-0.4057781638,0.9469621877
580,-0.3710565163,0.8890169944,-0.3638528135,1.012339358
581,-0.3487764859,0.9491245527,-0.3087178043,0.9413716124
582,-0.3228270525,1.007779292,-0.2278190076,0.9398234465
583,-0.29330668,1.064753674,-0.372591523,0.9845561127
584,-0.2603279255,1.119826795,-0.3626802577,1.225777051
585,-0.2240169944,1.172785252,-0.2407073113,1.297671833
586,-0.1845132428,1.22342399,-0.3018390127,1.124657771
587,-0.1419686274,1.271547106,-0.1651966262,1.390290469
588,-0.09654710593,1.316968627,0.02498016152,1.411888366
589,-0.04842398975,1.359513243,-0.1706930703,1.410700585
590,0.002214747708,1.399016994,0.02734166917,1.338641704
591,0.05517320502,1.435327926,0.1082586637,1.408028612
592,0.1102463259,1.46830668,0.057244955,1.522125679
593,0.1672207084,1.497827052,0.1174327865,1.575834526
594,0.2258754473,1.523776486,0.154745696,1.52758138
595,0.2859830056,1.546056516,0.1917223324,1.661122456
596,0.3473101128,1.564583161,0.3927975861,1.468982597
597,0.4096186854,1.579287251,0.3353921259,1.5881672
598,0.4726667664,1.590114701,0.3812067515,1.657379816
599,0.5362094805,1.597026728,0.4622319529,1.55621021
600,0.6,1.6,0.5172522448,1.550812183
601,0.6637905195,1.599026728,0.5514841568,1.692723292
602,0.7273332336,1.594114701,0.7641569822,1.606593855
603,0.7903813146,1.585287251,0.7024938054,1.536653663
604,0.8526898872,1.572583161,0.8904311031,1.473974602
605,0.9140169944,1.556056516,0.9675644557,1.496712637
606,0.9741245527,1.535776486,0.8686705835,1.493118341
607,1.032779292,1.511827052,1.062844236,1.399493857
608,1.089753674,1.48430668,1.092977746,1.530007657
609,1.144826795,1.453327926,1.262592336,1.407930001
610,1.197785252,1.419016994,1.299356707,1.328269689
611,1.24842399,1.381513243,1.15379338,1.287523928
612,1.296547106,1.340968627,1.18358695,1.369562038
613,1.341968627,1.297547106,1.228735828,1.361907984
614,1.384513243,1.25142399,1.439835463,1.357621013
615,1.424016994,1.202785252,1.43032127,1.279860959
616,1.460327926,1.151826795,1.450054824,1.175454319
617,1.49330668,1.098753674,1.603026546,1.087994947
618,1.522827052,1.043779292,1.536737812,1.015583325
619,1.548776486,0.9871245527,1.475632317,0.9802441858
620,1.571056516,0.9290169944,1.498343452,0.874364068
621,1.589583161,0.8696898872,1.52612585,0.9411560451
622,1.604287251,0.8093813146,1.6394435,0.8399312514
623,1.615114701,0.7483332336,1.715176623,0.642193508
624,1.622026728,0.6867905195,1.673910679,0.5904358211
625,1.625,0.625,1.689899068,0.6419822718
626,1.624026728,0.5632094805,1.695110337,0.4632363627
627,1.619114701,0.5016667664,1.74141461,0.424129313
628,1.610287251,0.4406186854,1.648677417,0.3343412365
629,1.597583161,0.3803101128,1.717195429,0.3721396377
630,1.581056516,0.3209830056,1.550952888,0.4204954505
631,1.560776486,0.2628754473,1.556034841,0.3355815055
632,1.536827052,0.2062207084,1.635192173,0.1882107188
633,1.50930668,0.1512463259,1.400496872,0.06629671859
634,1.478327926,0.09817320502,1.482197564,-0.01387508311
635,1.444016994,0.04721474771,1.389132587,0.06770122019
636,1.406513243,-0.001423989749,1.356803318,-0.009743025493
637,1.365968627,-0.04754710593,1.360928498,-0.07556576515
638,1.322547106,-0.09096862742,1.394674269,-0.1710655106
639,1.27642399,-0.1315132428,1.334217823,-0.05256649456
640,1.227785252,-0.1690169944,1.10896423,-0.2571155563
641,1.176826795,-0.2033279255,1.225515948,-0.1096360675
642,1.123753674,-0.23430668,1.045600167,-0.2993052141
643,1.068779292,-0.2618270525,1.093845083,-0.2850878547
644,1.012124553,-0.2857764859,0.9921730408,-0.3353909197
645,0.9540169944,-0.3060565163,1.058529572,-0.3967333128
646,0.8946898872,-0.3225831611,0.9847686823,-0.347527397
647,0.8343813146,-0.3352872507,0.9131426727,-0.3021002784
648,0.7733332336,-0.3441147013,0.6814865426,-0.2707982433
649,0.7117905195,-0.3490267284,0.7722708508,-0.370899076
650,0.65,-0.35,0.6910750281,-0.3469733477
651,0.5882094805,-0.3470267284,0.5375647308,-0.2545829518
652,0.5266667664,-0.3401147013,0.4210462544,-0.3148829472
653,0.4656186854,-0.3292872507,0.5837323229,-0.3821668124
654,0.4053101128,-0.3145831611,0.3160877534,-0.2847656779
655,0.3459830056,-0.2960565163,0.266795068,-0.2649135798
656,0.2878754473,-0.2737764859,0.2946126301,-0.3255228617
657,0.2312207084,-0.2478270525,0.2761975995,-0.3393966957
658,0.1762463259,-0.21830668,0.2972135745,-0.2802414692
659,0.123173205,-0.1853279255,0.1388967341,-0.164845623
660,0.07221474771,-0.1490169944,-0.02527959669,-0.07635071494
661,0.02357601025,-0.1095132428,0.06904235591,-0.2118417887
662,-0.02254710593,-0.06696862742,-0.1321010935,-0.1900370147
663,-0.06596862742,-0.02154710593,-0.03247524246,-0.01733828299
664,-0.1065132428,0.02657601025,-0.1562561071,0.05678559648
665,-0.1440169944,0.07721474771,-0.205249976,0.00817151854
666,-0.1783279255,0.130173205,-0.07873308096,0.01844557953
667,-0.20930668,0.1852463259,-0.1296982153,0.233793164
668,-0.2368270525,0.2422207084,-0.1401045758,0.1395866373
669,-0.2607764859,0.3008754473,-0.1705324533,0.2744122894
670,-0.2810565163,0.3609830056,-0.2233976168,0.4234839055
671,-0.2975831611,0.4223101128,-0.1817027817,0.5010667965
672,-0.3102872507,0.4846186854,-0.1900268056,0.5930063167
673,-0.3191147013,0.5476667664,-0.4277031973,0.5651358776
674,-0.3240267284,0.6112094805,-0.3448307033,0.623175414
675,-0.325,0.675,-0.3950496521,0.714715232
676,-0.3220267284,0.7387905195,-0.351473056,0.6256365792
677,-0.3151147013,0.8023332336,-0.2810531633,0.8215441633
678,-0.3042872507,0.8653813146,-0.4070218425,0.9061074556
679,-0.2895831611,0.9276898872,-0.2722628046,0.8823675508
680,-0.2710565163,0.9890169944,-0.2799782522,1.069095718
681,-0.2487764859,1.049124553,-0.372638574,1.10970222
682,-0.2228270525,1.107779292,-0.1466884625,1.190011437
683,-0.19330668,1.164753674,-0.2525995087,1.121963391
684,-0.1603279255,1.219826795,-0.2034476244,1.212895998
685,-0.1240169944,1.272785252,-0.02351359654,1.270903913
686,-0.08451324278,1.32342399,-0.0989303626,1.344039675
687,-0.04196862742,1.371547106,-0.01235733931,1.257719495
688,0.003452894071,1.416968627,0.0386942483,1.423983944
689,0.05157601025,1.459513243,0.1744526714,1.516150882
690,0.1022147477,1.499016994,0.1643116949,1.406054617
691,0.155173205,1.535327926,0.2128244385,1.497923944
692,0.2102463259,1.56830668,0.2011727179,1.501430817
693,0.2672207084,1.597827052,0.3291248667,1.650147678
694,0.3258754473,1.623776486,0.3857467371,1.703637538
695,0.3859830056,1.646056516,0.4224172341,1.556354817
696,0.4473101128,1.664583161,0.4081914751,1.608601403
697,0.5096186854,1.679287251,0.5522030336,1.629020272
698,0.5726667664,1.690114701,0.6083677231,1.736407227
699,0.6362094805,1.697026728,0.6287269516,1.586207605
700,0.7,1.7,0.615484018,1.743545698
701,0.7637905195,1.699026728,0.6778665615,1.713835761
702,0.8273332336,1.694114701,0.7449291864,1.627688742
703,0.8903813146,1.685287251,0.9387413896,1.716568997
704,0.9526898872,1.672583161,0.9574402459,1.553340188
705,1.014016994,1.656056516,1.138316615,1.578936874
706,1.074124553,1.635776486,1.000538929,1.755586843
707,1.132779292,1.611827052,1.191853015,1.566692739
708,1.189753674,1.58430668,1.298014175,1.619652332
709,1.244826795,1.553327926,1.251506134,1.62010533
710,1.297785252,1.519016994,1.401271467,1.577097515
711,1.34842399,1.481513243,1.312674977,1.36261593
712,1.396547106,1.440968627,1.463538541,1.390912518
713,1.441968627,1.397547106,1.540845511,1.382632231
714,1.484513243,1.35142399,1.579413988,1.414033662
715,1.524016994,1.302785252,1.422200353,1.193999432
716,1.560327926,1.251826795,1.58405858,1.211151729
717,1.59330668,1.198753674,1.672737455,1.243500552
718,1.622827052,1.143779292,1.527724986,1.07624568
719,1.648776486,1.087124553,1.611153245,1.026484314
720,1.671056516,1.029016994,1.707349801,1.1467988
721,1.689583161,0.9696898872,1.66542636,0.9850734931
722,1.704287251,0.9093813146,1.760921745,0.9058843508
723,1.715114701,0.8483332336,1.616545217,0.8263250908
724,1.722026728,0.7867905195,1.626403573,0.7905281028
725,1.725,0.725,1.691845259,0.6899318511
726,1.724026728,0.6632094805,1.712514417,0.636280328
727,1.719114701,0.6016667664,1.70618119,0.5595903623
728,1.710287251,0.5406186854,1.676848696,0.4256055573
729,1.697583161,0.4803101128,1.819906819,0.4678131652
730,1.681056516,0.4209830056,1.749071638,0.370401505
731,1.660776486,0.3628754473,1.616154723,0.3978105558
732,1.636827052,0.3062207084,1.615526715,0.3650973566
733,1.60930668,0.2512463259,1.656012885,0.1459741811
734,1.578327926,0.198173205,1.652034293,0.2467956238
735,1.544016994,0.1472147477,1.653232804,0.1956008575
736,1.506513243,0.09857601025,1.585252357,0.1877813822
737,1.465968627,0.05245289407,1.581449161,-0.03627416131
738,1.422547106,0.009031372579,1.299289325,-0.0245696818
739,1.37642399,-0.03151324278,1.317453909,-0.04650557174
740,1.327785252,-0.06901699437,1.353667314,-0.02336455011
741,1.276826795,-0.1033279255,1.346786652,0.01037647627
742,1.223753674,-0.13430668,1.324873777,-0.1080937153
743,1.168779292,-0.1618270525,1.27024936,-0.2090133977
744,1.112124553,-0.1857764859,1.236034836,-0.2236307194
745,1.054016994,-0.2060565163,0.9664285645,-0.1166363662
746,0.9946898872,-0.2225831611,0.9953990608,-0.2538585441
747,0.9343813146,-0.2352872507,0.9199455749,-0.3193848552
748,0.8733332336,-0.2441147013,0.8728229411,-0.1763813069
749,0.8117905195,-0.2490267284,0.8840193785,-0.1800410519
750,0.75,-0.25,0.6660661952,-0.1391949717
751,0.6882094805,-0.2470267284,0.5696131682,-0.1662149193
752,0.6266667664,-0.2401147013,0.5829848473,-0.3328687275
753,0.5656186854,-0.2292872507,0.5095713364,-0.1284064316
754,0.5053101128,-0.2145831611,0.4674834991,-0.1844790553
755,0.4459830056,-0.1960565163,0.4718971065,-0.3170104783
756,0.3878754473,-0.1737764859,0.3529659267,-0.1644566633
757,0.3312207084,-0.1478270525,0.2108610833,-0.2054252185
758,0.2762463259,-0.11830668,0.3268983679,-0.06483889059
759,0.223173205,-0.0853279255,0.2616892379,-0.1269182972
760,0.1722147477,-0.04901699437,0.149645776,-0.02282073406
761,0.1235760103,-0.009513242776,0.1749062626,-0.02525142754
762,0.07745289407,0.03303137258,0.04391364656,0.08441050318
763,0.03403137258,0.07845289407,0.09029084944,0.05631779856
764,-0.006513242776,0.1265760103,-0.08733750205,0.1396970067
765,-0.04401699437,0.1772147477,-0.00985285435,0.1365085035
766,-0.0783279255,0.230173205,-0.07872325475,0.3462102374
767,-0.10930668,0.2852463259,-0.1359424809,0.3320174966
768,-0.1368270525,0.3422207084,-0.212136933,0.3273587172
769,-0.1607764859,0.4008754473,-0.1636676088,0.3084599413
770,-0.1810565163,0.4609830056,-0.1040942243,0.3386714583
771,-0.1975831611,0.5223101128,-0.203578043,0.6318793026
772,-0.2102872507,0.5846186854,-0.09102083998,0.6702243993
773,-0.2191147013,0.6476667664,-0.1929590176,0.5290208134
774,-0.2240267284,0.7112094805,-0.2760478514,0.7036037809
775,-0.225,0.775,-0.2353471385,0.7262420833
776,-0.2220267284,0.8387905195,-0.1809572219,0.962649221
777,-0.2151147013,0.9023332336,-0.1207358048,0.8252768633
778,-0.2042872507,0.9653813146,-0.2036065711,0.9299174972
779,-0.1895831611,1.027689887,-0.2782703503,1.064903706
780,-0.1710565163,1.089016994,-0.05347007871,0.9781137747
781,-0.1487764859,1.149124553,-0.1144764214,1.087511669
782,-0.1228270525,1.207779292,-0.1515954108,1.156839984
783,-0.09330668004,1.264753674,-0.1007050162,1.36849279
784,-0.0603279255,1.319826795,-0.08624436384,1.343630265
785,-0.02401699437,1.372785252,0.03661304156,1.339999585
786,0.01548675722,1.42342399,-0.07342872046,1.435133811
787,0.05803137258,1.471547106,-0.0002098096681,1.50284065
788,0.1034528941,1.516968627,0.1066395768,1.609748288
789,0.1515760103,1.559513243,0.08722746931,1.575884372
790,0.2022147477,1.599016994,0.2428854449,1.609317499
791,0.255173205,1.635327926,0.2645835368,1.699318237
792,0.3102463259,1.66830668,0.3756195332,1.731530115
793,0.3672207084,1.697827052,0.3824765476,1.780266807
794,0.4258754473,1.723776486,0.4734036593,1.77026985
795,0.4859830056,1.746056516,0.4701698206,1.628686713
796,0.5473101128,1.764583161,0.4672119828,1.731778792
797,0.6096186854,1.779287251,0.5205825281,1.760991899
798,0.6726667664,1.790114701,0.6524518684,1.865544781
799,0.7362094805,1.797026728,0.7963513855,1.694660477
800,0.8,1.8,0.8045042217,1.850281221
801,0.8637905195,1.799026728,0.9659249789,1.691059094
802,0.9273332336,1.794114701,0.8203283305,1.794235444
803,0.9903813146,1.785287251,0.878707807,1.686097122
804,1.052689887,1.772583161,1.042713405,1.741872901
805,1.114016994,1.756056516,1.147025153,1.840077308
806,1.174124553,1.735776486,1.253590055,1.65430367
807,1.232779292,1.711827052,1.202623666,1.613509644
808,1.289753674,1.68430668,1.172864141,1.771740639
809,1.344826795,1.653327926,1.376057798,1.584749603
810,1.397785252,1.619016994,1.44220713,1.502931927
811,1.44842399,1.581513243,1.567672271,1.656441037
812,1.496547106,1.540968627,1.582618687,1.418552505
813,1.541968627,1.497547106,1.580039867,1.439998792
814,1.584513243,1.45142399,1.477135312,1.534660196
815,1.624016994,1.402785252,1.649248007,1.413149548
816,1.660327926,1.351826795,1.658342644,1.234740832
817,1.69330668,1.298753674,1.588973515,1.293034846
818,1.722827052,1.243779292,1.675188987,1.227837362
819,1.748776486,1.187124553,1.709000884,1.073023361
820,1.771056516,1.129016994,1.726604241,1.228562307
821,1.789583161,1.069689887,1.832914948,1.002415963
822,1.804287251,1.009381315,1.84549501,1.007245789
823,1.815114701,0.9483332336,1.756854475,0.9751750004
824,1.822026728,0.8867905195,1.886486725,0.9244184696
825,1.825,0.825,1.758201114,0.7929672546
826,1.824026728,0.7632094805,1.843272273,0.8196472948
827,1.819114701,0.7016667664,1.695181327,0.7737579602
828,1.810287251,0.6406186854,1.826340159,0.7263396317
829,1.797583161,0.5803101128,1.832891938,0.6852929673
830,1.781056516,0.5209830056,1.712211325,0.4694480407
831,1.760776486,0.4628754473,1.680068466,0.3516997504
832,1.736827052,0.4062207084,1.799911223,0.3045142476
833,1.70930668,0.3512463259,1.672876516,0.2955494236
834,1.678327926,0.298173205,1.786322541,0.3636885853
835,1.644016994,0.2472147477,1.615528045,0.2097563956
836,1.606513243,0.1985760103,1.557165449,0.2962836466
837,1.565968627,0.1524528941,1.583046134,0.227136259
838,1.522547106,0.1090313726,1.605779359,0.2191325876
839,1.47642399,0.06848675722,1.353994687,0.05706286943
840,1.427785252,0.03098300563,1.434555938,-0.08888099687
841,1.376826795,-0.003327925502,1.422454575,-0.04898784941
842,1.323753674,-0.03430668004,1.399003574,0.03935374379
843,1.268779292,-0.06182705247,1.310499406,-0.00731775943
844,1.212124553,-0.08577648589,1.257994177,-0.1962475999
845,1.154016994,-0.1060565163,1.16846572,-0.2145512453
846,1.094689887,-0.1225831611,1.195022177,-0.2235949411
847,1.034381315,-0.1352872507,1.058520401,-0.2549570472
848,0.9733332336,-0.1441147013,0.9493414012,-0.1691518642
849,0.9117905195,-0.1490267284,0.8725290982,-0.1607969721
850,0.85,-0.15,0.8559684645,-0.2001017785
851,0.7882094805,-0.1470267284,0.8126818092,-0.07240027701
852,0.7266667664,-0.1401147013,0.7538625005,-0.2156264611
853,0.6656186854,-0.1292872507,0.6194247195,-0.1756864853
854,0.6053101128,-0.1145831611,0.7095033602,-0.1438760039
855,0.5459830056,-0.0960565163,0.5172019989,-0.07544098081
856,0.4878754473,-0.07377648589,0.5717672204,-0.1008382315
857,0.4312207084,-0.04782705247,0.3725790316,-0.02398793666
858,0.3762463259,-0.01830668004,0.2648954798,-0.1387923429
859,0.323173205,0.0146720745,0.2992830688,0.09007613345
860,0.2722147477,0.05098300563,0.2317056755,0.113052658
861,0.2235760103,0.09048675722,0.2103729457,0.1875888027
862,0.1774528941,0.1330313726,0.2145199487,0.1352181033
863,0.1340313726,0.1784528941,0.06348154024,0.1779580283
864,0.09348675722,0.2265760103,0.1878858277,0.2154530957
865,0.05598300563,0.2772147477,-0.06775910153,0.3774566161
866,0.0216720745,0.330173205,0.0546160441,0.2986353885
867,-0.009306680044,0.3852463259,-0.003492242552,0.3165958058
868,-0.03682705247,0.4422207084,0.05534006577,0.4041758761
869,-0.06077648589,0.5008754473,-0.1612036155,0.5541321641
870,-0.0810565163,0.5609830056,-0.04471756259,0.518630974
871,-0.09758316113,0.6223101128,-0.02813281092,0.6556031979
872,-0.1102872507,0.6846186854,-0.1302139832,0.6309975067
873,-0.1191147013,0.7476667664,-0.08278523022,0.7823854965
874,-0.1240267284,0.8112094805,-0.03011362067,0.860228213
875,-0.125,0.875,-0.2097182823,0.7864546088
876,-0.1220267284,0.9387905195,-0.03049601964,0.9535207676
877,-0.1151147013,1.002333234,-0.05834125313,1.030409318
878,-0.1042872507,1.065381315,-0.2016799334,1.166588575
879,-0.08958316113,1.127689887,-0.1350865456,1.179298015
880,-0.0710565163,1.189016994,-0.05330990642,1.174638777
881,-0.04877648589,1.249124553,-0.1213540746,1.193523935
882,-0.02282705247,1.307779292,-0.1431455813,1.413413012
883,0.006693319956,1.364753674,0.110057961,1.432065618
884,0.0396720745,1.419826795,-0.04515831492,1.341173779
885,0.07598300563,1.472785252,-0.0310666642,1.444664251
886,0.1154867572,1.52342399,0.1097180903,1.604757036
887,0.1580313726,1.571547106,0.1681795881,1.596018866
888,0.2034528941,1.616968627,0.2868896259,1.690106625
889,0.2515760103,1.659513243,0.1907298625,1.705692209
890,0.3022147477,1.699016994,0.2339692631,1.751434634
891,0.355173205,1.735327926,0.4629290776,1.72394455
892,0.4102463259,1.76830668,0.306013471,1.874222301
893,0.4672207084,1.797827052,0.4938466506,1.716441273
894,0.5258754473,1.823776486,0.4697298699,1.798627924
895,0.5859830056,1.846056516,0.6451142686,1.833365086
896,0.6473101128,1.864583161,0.7673589375,1.768972068
897,0.7096186854,1.879287251,0.7307581155,1.900329196
898,0.7726667664,1.890114701,0.7024179537,1.796328546
899,0.8362094805,1.897026728,0.8044892855,1.937338775
900,0.9,1.9,0.8142256656,1.858894601
901,0.9637905195,1.899026728,0.8484729202,1.986370709
902,1.027333234,1.894114701,0.9322444065,1.884810827
903,1.090381315,1.885287251,1.1026869,1.919703913
904,1.152689887,1.872583161,1.216706248,1.875045474
905,1.214016994,1.856056516,1.144606259,1.897482652
906,1.274124553,1.835776486,1.308936328,1.79747654
907,1.332779292,1.811827052,1.241643628,1.819964098
908,1.389753674,1.78430668,1.494236295,1.754556142
909,1.444826795,1.753327926,1.482102779,1.754099567
910,1.497785252,1.719016994,1.596410849,1.815114844
911,1.54842399,1.681513243,1.667458022,1.795419241
912,1.596547106,1.640968627,1.676060379,1.619679497
913,1.641968627,1.597547106,1.549683293,1.720306765
914,1.684513243,1.55142399,1.782951787,1.43888861
915,1.724016994,1.502785252,1.621779779,1.394617599
916,1.760327926,1.451826795,1.855229927,1.576477763
917,1.79330668,1.398753674,1.799279054,1.336949903
918,1.822827052,1.343779292,1.817335581,1.234188039
919,1.848776486,1.287124553,1.841551045,1.306736966
920,1.871056516,1.229016994,1.882426857,1.212669371
921,1.889583161,1.169689887,1.837473979,1.192493651
922,1.904287251,1.109381315,1.880314143,1.083884127
923,1.915114701,1.048333234,1.873210929,0.9460973409
924,1.922026728,0.9867905195,2.025650632,0.9800732275
925,1.925,0.925,2.045298097,1.027776646
926,1.924026728,0.8632094805,1.943888744,0.9774664027
927,1.919114701,0.8016667664,1.85933012,0.8396619538
928,1.910287251,0.7406186854,1.940615852,0.6795709613
929,1.897583161,0.6803101128,1.79960389,0.6552442683
930,1.881056516,0.6209830056,1.87790136,0.7020614643
931,1.860776486,0.5628754473,1.774063083,0.5580978908
932,1.836827052,0.5062207084,1.854582031,0.525549213
933,1.80930668,0.4512463259,1.869710029,0.3967347344
934,1.778327926,0.398173205,1.784626351,0.3923997084
935,1.744016994,0.3472147477,1.678790724,0.3677406749
936,1.706513243,0.2985760103,1.713275847,0.252384567
937,1.665968627,0.2524528941,1.615014457,0.3564467033
938,1.622547106,0.2090313726,1.577265915,0.08942766481
939,1.57642399,0.1684867572,1.640874835,0.131639405
940,1.527785252,0.1309830056,1.426567979,0.1876929474
941,1.476826795,0.0966720745,1.51285844,-0.002672223856
942,1.423753674,0.06569331996,1.317535864,0.001451863577
943,1.368779292,0.03817294753,1.25655708,0.002749531558
944,1.312124553,0.01422351411,1.273630926,-0.09421699205
945,1.254016994,-0.006056516295,1.301065464,-0.07020654339
946,1.194689887,-0.02258316113,1.24087309,0.05744706094
947,1.134381315,-0.03528725073,1.243707742,-0.118710274
948,1.073333234,-0.04411470131,0.9924295041,-0.009970333196
949,1.01179052,-0.04902672843,1.126282012,0.05141478521
950,0.95,-0.05,0.9752018985,-0.1605319271
951,0.8882094805,-0.04702672843,0.8213628642,-0.04871225448
952,0.8266667664,-0.04011470131,0.8315815546,0.07471973896
953,0.7656186854,-0.02928725073,0.7975102958,-0.05499903664
954,0.7053101128,-0.01458316113,0.7006621186,0.07996978635
955,0.6459830056,0.003943483705,0.5707815701,0.1184082744
956,0.5878754473,0.02622351411,0.6348720338,-0.04468291042
957,0.5312207084,0.05217294753,0.5540462006,0.0003517538587
958,0.4762463259,0.08169331996,0.4032269795,0.1102658763
959,0.423173205,0.1146720745,0.4271076796,0.09228408838
960,0.3722147477,0.1509830056,0.3600080224,0.15105105
961,0.3235760103,0.1904867572,0.41841714,0.07186305482
962,0.2774528941,0.2330313726,0.1947227163,0.1983435221
963,0.2340313726,0.2784528941,0.1316307895,0.1917617999
964,0.1934867572,0.3265760103,0.3035656273,0.3752495979
965,0.1559830056,0.3772147477,0.2178551375,0.370140106
966,0.1216720745,0.430173205,0.1554044423,0.3678003535
967,0.09069331996,0.4852463259,0.132111828,0.4507253945
968,0.06317294753,0.5422207084,-0.0364984519,0.6669188642
969,0.03922351411,0.6008754473,-0.027660544,0.710806206
970,0.0189434837,0.6609830056,0.05294392878,0.5447816265
971,0.002416838871,0.7223101128,0.05266642382,0.7654759893
972,-0.01028725073,0.7846186854,-0.08091732042,0.711714507
973,-0.01911470131,0.8476667664,0.06330085228,0.9577919747
974,-0.02402672843,0.9112094805,-0.1465547508,0.9864715116
975,-0.025,0.975,-0.03471329687,0.9020257143
976,-0.02202672843,1.03879052,0.0956268426,1.131658311
977,-0.01511470131,1.102333234,-0.085303415,1.00155216
978,-0.004287250729,1.165381315,-0.08407665599,1.152932919
979,0.01041683887,1.227689887,0.03222912924,1.173108032
980,0.0289434837,1.289016994,0.05804689564,1.250726903
981,0.05122351411,1.349124553,0.0873422082,1.404884027
982,0.07717294753,1.407779292,0.1515602036,1.493896388
983,0.10669332,1.464753674,0.1522029348,1.500216829
984,0.1396720745,1.519826795,0.04285051475,1.547778235
985,0.1759830056,1.572785252,0.2081235114,1.680314488
986,0.2154867572,1.62342399,0.2329935401,1.533470688
987,0.2580313726,1.671547106,0.2835617835,1.645562854
988,0.3034528941,1.716968627,0.292968503,1.689187154
989,0.3515760103,1.759513243,0.2780110747,1.783382609
990,0.4022147477,1.799016994,0.4068948307,1.898686363
991,0.455173205,1.835327926,0.3845315112,1.882478637
992,0.5102463259,1.86830668,0.4035682218,1.941032647
993,0.5672207084,1.897827052,0.6266613355,1.815569691
994,0.6258754473,1.923776486,0.595158419,1.802288094
995,0.6859830056,1.946056516,0.6538998151,2.020512004
996,0.7473101128,1.964583161,0.819854886,1.894717706
997,0.8096186854,1.979287251,0.8568130916,1.879121461
998,0.8726667664,1.990114701,0.7661517767,1.956263147